{"do_dishes": {"name": "do_dishes", "time_intervals": [{"start": 1712631188.92094, "end": 1712631201.7860758}], "duration": 12.865135908126831}, "hello_world": {"name": "hello_world", "time_intervals": [{"start": 1712668365.789001, "end": 1712668431.315458}], "duration": 65.52645707130432}, "new_task": {"name": "new_task", "time_intervals": [{"start": 1712668505.043641, "end": null}], "duration": 0}}