{"do_dishes": {"name": "do_dishes", "time_intervals": [{"start": 1712631188.92094, "end": 1712631201.7860758}], "duration": 12.865135908126831}}